"route_id","parent_station","walk_poly_wkt"
"Blue","place-wondl","POLYGON ((-70.99617 42.41447, -70.99505 42.41863, -70.99501 42.4188, -70.99392 42.41926, -70.99176 42.41994, -70.99016 42.42021, -70.98997 42.42023, -70.98993 42.42021, -70.98723 42.41891, -70.98685 42.41867, -70.9868 42.41858, -70.98685 42.41849, -70.9884 42.41553, -70.98886 42.41454, -70.99034 42.41118, -70.99058 42.41, -70.99865 42.41131, -70.99617 42.41447))"
"Blue","place-rbmnl","POLYGON ((-70.99954 42.40318, -70.99977 42.40345, -71.00073 42.4063, -71.00111 42.40919, -71.00111 42.40955, -71.00069 42.41004, -70.99922 42.41059, -70.99839 42.41127, -70.99071 42.41002, -70.99077 42.40983, -70.9911 42.40849, -70.99112 42.40831, -70.99119 42.40783, -70.98929 42.40343, -70.99748 42.40183, -70.99954 42.40318))"
"Blue","place-bmmnl","POLYGON ((-70.99725 42.39757, -70.99948 42.39782, -70.99972 42.39808, -71.00016 42.4013, -70.98881 42.40352, -70.98535 42.40196, -70.98485 42.40171, -70.98449 42.40095, -70.98409 42.39714, -70.98373 42.39464, -70.98375 42.39419, -70.98385 42.39384, -70.98427 42.39323, -70.98478 42.39328, -70.9869 42.39345, -70.98986 42.3927, -70.99638 42.39526, -70.99725 42.39757))"
"Blue","place-sdmnl","POLYGON ((-70.99003 42.39254, -70.99025 42.39161, -70.99176 42.3897, -70.9964 42.38841, -70.99974 42.38756, -71.00245 42.39086, -71.00143 42.3917, -70.99943 42.39132, -70.99443 42.39369, -70.9941 42.39426, -70.99405 42.39435, -70.99023 42.39284, -70.99003 42.39254))"
"Blue","place-orhte","POLYGON ((-70.99814 42.38375, -70.99826 42.38341, -71 42.38247, -71.00015 42.38245, -71.00018 42.38246, -71.00229 42.38348, -71.00534 42.38424, -71.0112 42.38304, -71.01176 42.38308, -71.01316 42.3843, -71.0132 42.38436, -71.01331 42.3847, -71.0118 42.38986, -71.01158 42.39015, -71.01096 42.39047, -71.00732 42.39093, -71.00653 42.39081, -71.00269 42.39116, -70.99774 42.38513, -70.99814 42.38375))"
"Blue","place-wimnl","POLYGON ((-71.02918 42.38153, -71.0291 42.38158, -71.02886 42.38173, -71.0285 42.38179, -71.02792 42.38187, -71.024 42.38286, -71.02038 42.38503, -71.01715 42.38324, -71.01483 42.38193, -71.01462 42.38164, -71.01483 42.38148, -71.01962 42.37804, -71.02441 42.37512, -71.02983 42.37938, -71.02918 42.38153))"
"Blue","place-aport","POLYGON ((-71.03809 42.37532, -71.03807 42.37547, -71.03718 42.37733, -71.03633 42.37913, -71.03592 42.37981, -71.03563 42.38001, -71.03314 42.38032, -71.03119 42.38046, -71.02335 42.37428, -71.02543 42.37016, -71.02564 42.36986, -71.02726 42.36862, -71.02751 42.36855, -71.02864 42.36832, -71.0305 42.36855, -71.03803 42.37473, -71.03809 42.37532))"
"Blue","place-mvbcl","POLYGON ((-71.04427 42.36973, -71.04672 42.37141, -71.04811 42.37181, -71.04801 42.37215, -71.04464 42.37309, -71.04143 42.37501, -71.04055 42.37569, -71.04051 42.37573, -71.04022 42.37593, -71.04015 42.37598, -71.03978 42.37616, -71.03156 42.36942, -71.03126 42.367, -71.03157 42.3656, -71.03171 42.36527, -71.0331 42.36482, -71.03601 42.3641, -71.0363 42.36404, -71.03763 42.36473, -71.04005 42.36276, -71.04385 42.36478, -71.04427 42.36973))"
"Blue","place-aqucl","POLYGON ((-71.04215 42.36216, -71.04062 42.36178, -71.03908 42.36141, -71.03592 42.35787, -71.03427 42.35682, -71.03176 42.35555, -71.02924 42.35428, -71.02541 42.35087, -71.02557 42.35055, -71.02809 42.35182, -71.03062 42.35308, -71.03413 42.35256, -71.03572 42.3536, -71.03732 42.35465, -71.03794 42.35535, -71.03852 42.35601, -71.04408 42.35587, -71.04894 42.35332, -71.04931 42.35325, -71.0513 42.353, -71.05352 42.3664, -71.05166 42.367, -71.05035 42.36824, -71.04503 42.36541, -71.04215 42.36216))"
"Blue","place-state","POLYGON ((-71.05207 42.35301, -71.05292 42.35276, -71.05305 42.35273, -71.05543 42.35229, -71.05815 42.352, -71.05953 42.35219, -71.06158 42.35253, -71.05431 42.36515, -71.05327 42.36488, -71.05137 42.35342, -71.05207 42.35301))"
"Blue","place-gover","POLYGON ((-71.06389 42.35309, -71.06421 42.35313, -71.06455 42.35325, -71.06458 42.35326, -71.0662 42.35468, -71.05474 42.36579, -71.05405 42.3656, -71.06116 42.35326, -71.06389 42.35309))"
"Blue","place-bomnl","POLYGON ((-71.06675 42.35666, -71.07096 42.36017, -71.07147 42.3606, -71.07175 42.36145, -71.07177 42.36153, -71.06908 42.36441, -71.06668 42.3663, -71.06467 42.36719, -71.06457 42.3672, -71.0616 42.36692, -71.0584 42.36704, -71.05818 42.36702, -71.05545 42.36541, -71.05544 42.3654, -71.05528 42.36526, -71.0652 42.35565, -71.06675 42.35666))"
"Green-B","place-pktrm","POLYGON ((-71.06947 42.35803, -71.06867 42.35906, -71.06392 42.36248, -71.06391 42.36249, -71.06327 42.36258, -71.06261 42.36266, -71.0625 42.36267, -71.06191 42.36271, -71.05802 42.36225, -71.05712 42.3621, -71.05691 42.36204, -71.05669 42.36185, -71.05563 42.3608, -71.05409 42.35849, -71.05405 42.35842, -71.0539 42.3577, -71.05456 42.35241, -71.05472 42.35209, -71.0567 42.35139, -71.06961 42.35784, -71.06947 42.35803))"
"Green-B","place-boyls","POLYGON ((-71.05681 42.35032, -71.05766 42.34945, -71.05852 42.34907, -71.05856 42.34905, -71.06024 42.34834, -71.06427 42.34632, -71.07071 42.35833, -71.0707 42.35834, -71.07065 42.35837, -71.0561 42.35109, -71.05681 42.35032))"
"Green-B","place-armnl","POLYGON ((-71.06488 42.34727, -71.06534 42.34667, -71.0654 42.34661, -71.06548 42.34657, -71.06755 42.34577, -71.0696 42.34508, -71.06981 42.34501, -71.06998 42.345, -71.0709 42.3452, -71.07654 42.35515, -71.07446 42.35686, -71.07251 42.35829, -71.07058 42.3581, -71.06482 42.34735, -71.06488 42.34727))"
"Green-B","place-coecl","POLYGON ((-71.07151 42.34588, -71.0722 42.34482, -71.07237 42.34461, -71.07345 42.34349, -71.07369 42.34331, -71.07402 42.34316, -71.07418 42.34309, -71.07774 42.34361, -71.08123 42.34399, -71.08393 42.3526, -71.08391 42.35264, -71.08348 42.35324, -71.08157 42.35469, -71.08135 42.3548, -71.07761 42.35542, -71.07668 42.3554, -71.07139 42.34607, -71.07151 42.34588))"
"Green-B","place-hymnl","POLYGON ((-71.08307 42.34145, -71.08323 42.34135, -71.08334 42.34133, -71.08655 42.34114, -71.08679 42.34114, -71.09064 42.34127, -71.09073 42.34128, -71.09183 42.3417, -71.09213 42.34189, -71.09235 42.34206, -71.09056 42.3553, -71.08681 42.35299, -71.08486 42.35287, -71.08406 42.3526, -71.08392 42.35255, -71.08101 42.34328, -71.08307 42.34145))"
"Green-B","place-kencl","POLYGON ((-71.09733 42.34332, -71.09741 42.34332, -71.09821 42.34339, -71.09801 42.35109, -71.09565 42.35075, -71.09126 42.3538, -71.09094 42.35396, -71.09074 42.35394, -71.09212 42.34376, -71.09733 42.34332))"
"Green-B","place-bland","POLYGON ((-71.10016 42.34404, -71.10211 42.34375, -71.10397 42.3441, -71.10414 42.34414, -71.10432 42.34422, -71.1014 42.35158, -71.10102 42.35163, -71.10082 42.35162, -71.098 42.35118, -71.09818 42.3444, -71.10016 42.34404))"
"Green-B","place-buest","POLYGON ((-71.1046 42.3451, -71.10567 42.3452, -71.1056 42.35185, -71.10476 42.35164, -71.10138 42.35163, -71.10395 42.34516, -71.1046 42.3451))"
"Green-B","place-bucen","POLYGON ((-71.10849 42.34376, -71.11123 42.34486, -71.11127 42.34488, -71.11135 42.34493, -71.11162 42.34524, -71.10894 42.35414, -71.10821 42.35366, -71.10559 42.35265, -71.10569 42.34349, -71.10849 42.34376))"
"Green-B","place-buwst","POLYGON ((-71.11258 42.34449, -71.11301 42.34437, -71.11345 42.34425, -71.11432 42.34401, -71.11517 42.35463, -71.11287 42.3554, -71.11279 42.35544, -71.10993 42.3559, -71.10982 42.35591, -71.10957 42.35565, -71.10873 42.35482, -71.11174 42.34483, -71.11258 42.34449))"
"Green-B","place-stplb","POLYGON ((-71.11699 42.34379, -71.11734 42.34386, -71.11796 42.34438, -71.11754 42.35357, -71.1169 42.35328, -71.11509 42.35363, -71.11437 42.34464, -71.11699 42.34379))"
"Green-B","place-plsgr","POLYGON ((-71.1182 42.34462, -71.11872 42.3444, -71.11886 42.3444, -71.12158 42.34566, -71.12031 42.35439, -71.11766 42.35363, -71.11754 42.35357, -71.11794 42.34473, -71.1182 42.34462))"
"Green-B","place-babck","POLYGON ((-71.12202 42.34453, -71.12216 42.3445, -71.1248 42.34538, -71.12555 42.34586, -71.12274 42.35477, -71.12163 42.3546, -71.12061 42.35447, -71.12031 42.35439, -71.12174 42.34459, -71.12202 42.34453))"
"Green-B","place-brico","POLYGON ((-71.12689 42.34539, -71.12699 42.34537, -71.12735 42.34543, -71.12936 42.35583, -71.12552 42.35502, -71.1253 42.35499, -71.12275 42.35472, -71.12563 42.34561, -71.12689 42.34539))"
"Green-B","place-harvd","POLYGON ((-71.12843 42.34396, -71.12926 42.34406, -71.13622 42.35533, -71.1348 42.35641, -71.13218 42.35699, -71.13187 42.35695, -71.13064 42.3566, -71.12943 42.35622, -71.1271 42.34415, -71.12843 42.34396))"
"Green-B","place-grigg","POLYGON ((-71.1302 42.34534, -71.13114 42.34472, -71.13257 42.34403, -71.13463 42.34385, -71.13723 42.35364, -71.13546 42.3541, -71.13009 42.34542, -71.1302 42.34534))"
"Green-B","place-alsgr","POLYGON ((-71.13483 42.34298, -71.13754 42.34465, -71.14038 42.35454, -71.13875 42.3548, -71.13795 42.35482, -71.13755 42.35484, -71.13443 42.3431, -71.13483 42.34298))"
"Green-B","place-wrnst","POLYGON ((-71.14947 42.34934, -71.14947 42.34957, -71.14941 42.35065, -71.1493 42.35099, -71.1488 42.35119, -71.14575 42.35245, -71.14232 42.35454, -71.14211 42.35464, -71.1412 42.35477, -71.14095 42.35478, -71.14043 42.3547, -71.13754 42.34465, -71.14936 42.34905, -71.14947 42.34934))"
"Green-B","place-wascm","POLYGON ((-71.15057 42.34834, -71.15045 42.34869, -71.15017 42.34887, -71.14929 42.34875, -71.14884 42.34885, -71.13754 42.34465, -71.13432 42.34266, -71.1341 42.34247, -71.13465 42.34031, -71.135 42.33916, -71.13507 42.33908, -71.13512 42.33906, -71.13883 42.33828, -71.13955 42.33809, -71.15058 42.34831, -71.15057 42.34834))"
"Green-B","place-sthld","POLYGON ((-71.14143 42.33688, -71.14175 42.33671, -71.1448 42.33601, -71.1457 42.33592, -71.1512 42.34653, -71.14941 42.34723, -71.13974 42.33827, -71.14143 42.33688))"
"Green-B","place-chswk","POLYGON ((-71.15477 42.34609, -71.15335 42.34679, -71.15135 42.34682, -71.14568 42.33587, -71.15397 42.3409, -71.15502 42.34593, -71.15477 42.34609))"
"Green-B","place-chill","POLYGON ((-71.1451 42.33504, -71.14549 42.33422, -71.146 42.33335, -71.14661 42.33233, -71.14691 42.33212, -71.15064 42.33247, -71.1551 42.33192, -71.1561 42.33183, -71.1563 42.33181, -71.15647 42.33213, -71.1579 42.33426, -71.15397 42.3409, -71.14568 42.33587, -71.14505 42.3352, -71.1451 42.33504))"
"Green-B","place-sougr","POLYGON ((-71.1589 42.33694, -71.1617 42.33508, -71.1618 42.34391, -71.15803 42.34566, -71.15771 42.34581, -71.15496 42.34564, -71.15397 42.3409, -71.15713 42.33556, -71.1589 42.33694))"
"Green-B","place-lake","POLYGON ((-71.16174 42.33424, -71.16195 42.33395, -71.1622 42.33388, -71.16223 42.33388, -71.16515 42.33373, -71.16804 42.33423, -71.17159 42.33475, -71.1734 42.33499, -71.17438 42.33563, -71.17575 42.33715, -71.17582 42.3375, -71.1748 42.34098, -71.17443 42.34188, -71.16975 42.34479, -71.1694 42.34488, -71.16372 42.34654, -71.16298 42.34653, -71.16224 42.34652, -71.1621 42.34645, -71.16183 42.34627, -71.1617 42.33429, -71.16174 42.33424))"
"Green-C","place-north","POLYGON ((-71.06966 42.36475, -71.06973 42.36616, -71.06965 42.36736, -71.06949 42.36761, -71.0664 42.36953, -71.0626 42.37122, -71.06204 42.37136, -71.06177 42.37139, -71.06048 42.37127, -71.05514 42.37026, -71.05276 42.37096, -71.05237 42.37099, -71.05195 42.37102, -71.0516 42.371, -71.05124 42.37099, -71.05125 42.37063, -71.05254 42.36783, -71.06269 42.36199, -71.06685 42.36129, -71.06718 42.36131, -71.06966 42.36475))"
"Green-C","place-haecl","POLYGON ((-71.05223 42.36716, -71.0514 42.36643, -71.05135 42.36635, -71.05035 42.36437, -71.04761 42.36, -71.04755 42.35964, -71.04876 42.35908, -71.06269 42.36199, -71.0529 42.36762, -71.05223 42.36716))"
"Green-C","place-gover","POLYGON ((-71.05129 42.357, -71.05241 42.35571, -71.05262 42.35542, -71.05324 42.35476, -71.05354 42.35447, -71.05393 42.35435, -71.06685 42.36129, -71.06269 42.36199, -71.04843 42.35902, -71.05129 42.357))"
"Green-C","place-pktrm","POLYGON ((-71.05456 42.35241, -71.05472 42.35209, -71.0567 42.35139, -71.06961 42.35784, -71.06947 42.35803, -71.06867 42.35906, -71.06613 42.3609, -71.05429 42.35454, -71.05456 42.35241))"
"Green-C","place-boyls","POLYGON ((-71.05681 42.35032, -71.05766 42.34945, -71.05852 42.34907, -71.05856 42.34905, -71.06024 42.34834, -71.06427 42.34632, -71.07071 42.35833, -71.0707 42.35834, -71.07065 42.35837, -71.0561 42.35109, -71.05681 42.35032))"
"Green-C","place-armnl","POLYGON ((-71.06488 42.34727, -71.06534 42.34667, -71.0654 42.34661, -71.06548 42.34657, -71.06755 42.34577, -71.0696 42.34508, -71.06981 42.34501, -71.06998 42.345, -71.0709 42.3452, -71.07654 42.35515, -71.07446 42.35686, -71.07251 42.35829, -71.07058 42.3581, -71.06482 42.34735, -71.06488 42.34727))"
"Green-C","place-coecl","POLYGON ((-71.07151 42.34588, -71.0722 42.34482, -71.07237 42.34461, -71.07345 42.34349, -71.07369 42.34331, -71.07402 42.34316, -71.07418 42.34309, -71.07774 42.34361, -71.08123 42.34399, -71.08393 42.3526, -71.08391 42.35264, -71.08348 42.35324, -71.08157 42.35469, -71.08135 42.3548, -71.07761 42.35542, -71.07668 42.3554, -71.07139 42.34607, -71.07151 42.34588))"
"Green-C","place-hymnl","POLYGON ((-71.08307 42.34145, -71.08323 42.34135, -71.08334 42.34133, -71.08655 42.34114, -71.08679 42.34114, -71.09064 42.34127, -71.09073 42.34128, -71.09183 42.3417, -71.09213 42.34189, -71.09235 42.34206, -71.09056 42.3553, -71.08681 42.35299, -71.08486 42.35287, -71.08406 42.3526, -71.08392 42.35255, -71.08101 42.34328, -71.08307 42.34145))"
"Green-C","place-kencl","POLYGON ((-71.09733 42.34332, -71.09741 42.34332, -71.09995 42.34356, -71.10256 42.35149, -71.10255 42.35149, -71.10102 42.35163, -71.10082 42.35162, -71.09916 42.35126, -71.09565 42.35075, -71.09126 42.3538, -71.09094 42.35396, -71.09074 42.35394, -71.09212 42.34376, -71.09733 42.34332))"
"Green-C","place-smary","POLYGON ((-71.10103 42.34165, -71.10108 42.34163, -71.10245 42.34135, -71.10699 42.3409, -71.11153 42.35072, -71.1097 42.35126, -71.10751 42.35191, -71.10599 42.35172, -71.10432 42.35114, -71.10219 42.35037, -71.09994 42.34352, -71.10103 42.34165))"
"Green-C","place-hwsst","POLYGON ((-71.10875 42.33949, -71.10974 42.33896, -71.11555 42.34932, -71.11182 42.35065, -71.11154 42.35074, -71.10681 42.34051, -71.10875 42.33949))"
"Green-C","place-kntst","POLYGON ((-71.11284 42.33673, -71.11842 42.34971, -71.11625 42.35057, -71.10946 42.33847, -71.11284 42.33673))"
"Green-C","place-stpul","POLYGON ((-71.11646 42.337, -71.12195 42.34782, -71.12139 42.34831, -71.1201 42.34908, -71.11842 42.34973, -71.11347 42.33821, -71.11646 42.337))"
"Green-C","place-cool","POLYGON ((-71.11705 42.33716, -71.11971 42.33505, -71.1215 42.33511, -71.12177 42.33513, -71.12564 42.34747, -71.12561 42.34747, -71.12226 42.34842, -71.11664 42.33736, -71.11705 42.33716))"
"Green-C","place-sumav","POLYGON ((-71.12332 42.33578, -71.13193 42.34588, -71.12801 42.34679, -71.12695 42.34697, -71.12543 42.34681, -71.12212 42.33626, -71.12332 42.33578))"
"Green-C","place-bndhl","POLYGON ((-71.12481 42.33519, -71.12496 42.3351, -71.12529 42.33503, -71.1275 42.33466, -71.13292 42.34511, -71.13231 42.3454, -71.13143 42.3453, -71.12356 42.33606, -71.12481 42.33519))"
"Green-C","place-fbkst","POLYGON ((-71.12908 42.33408, -71.13097 42.33308, -71.13292 42.33334, -71.13349 42.33381, -71.13349 42.34437, -71.13263 42.34438, -71.13253 42.34436, -71.1274 42.33445, -71.12908 42.33408))"
"Green-C","place-bcnwa","POLYGON ((-71.13428 42.33436, -71.14069 42.34443, -71.13879 42.34462, -71.13781 42.34467, -71.13557 42.3443, -71.13522 42.34415, -71.13499 42.34391, -71.13349 42.34334, -71.13349 42.33441, -71.13428 42.33436))"
"Green-C","place-tapst","POLYGON ((-71.138 42.333, -71.13826 42.33301, -71.14224 42.34398, -71.14124 42.34406, -71.14049 42.34411, -71.13348 42.33311, -71.13336 42.33263, -71.138 42.333))"
"Green-C","place-denrd","POLYGON ((-71.13816 42.33173, -71.14075 42.33173, -71.14183 42.33182, -71.14474 42.34342, -71.14302 42.34403, -71.14284 42.34407, -71.1425 42.34411, -71.14229 42.34412, -71.13782 42.33179, -71.13816 42.33173))"
"Green-C","place-engav","POLYGON ((-71.14418 42.33216, -71.14509 42.33229, -71.14942 42.34186, -71.14595 42.34252, -71.14449 42.34244, -71.14188 42.33202, -71.14418 42.33216))"
"Green-C","place-clmnl","POLYGON ((-71.14536 42.33049, -71.14565 42.33028, -71.14583 42.33021, -71.14617 42.33011, -71.14946 42.33007, -71.15201 42.33068, -71.15549 42.33137, -71.15618 42.33177, -71.15634 42.33209, -71.15637 42.33218, -71.15747 42.33804, -71.15808 42.33824, -71.15797 42.33859, -71.15763 42.33961, -71.1576 42.33968, -71.1575 42.33981, -71.15628 42.34083, -71.15616 42.34089, -71.15491 42.34115, -71.15014 42.34164, -71.14934 42.34168, -71.14459 42.33118, -71.14536 42.33049))"
"Green-D","place-gover","POLYGON ((-71.06603 42.36334, -71.06568 42.3636, -71.06456 42.36423, -71.06356 42.36468, -71.0626 42.36501, -71.05963 42.36572, -71.05861 42.36597, -71.05524 42.36593, -71.05345 42.36544, -71.05322 42.36535, -71.05315 42.36531, -71.05284 42.36512, -71.05256 42.36469, -71.05161 42.36278, -71.04761 42.36, -71.04755 42.35964, -71.05129 42.357, -71.05241 42.35571, -71.05262 42.35542, -71.05324 42.35476, -71.05354 42.35447, -71.05393 42.35435, -71.06768 42.36173, -71.06603 42.36334))"
"Green-D","place-pktrm","POLYGON ((-71.05456 42.35241, -71.05472 42.35209, -71.0567 42.35139, -71.06961 42.35784, -71.06947 42.35803, -71.06867 42.35906, -71.06613 42.3609, -71.05429 42.35454, -71.05456 42.35241))"
"Green-D","place-boyls","POLYGON ((-71.05681 42.35032, -71.05766 42.34945, -71.05852 42.34907, -71.05856 42.34905, -71.06024 42.34834, -71.06427 42.34632, -71.07071 42.35833, -71.0707 42.35834, -71.07065 42.35837, -71.0561 42.35109, -71.05681 42.35032))"
"Green-D","place-armnl","POLYGON ((-71.06488 42.34727, -71.06534 42.34667, -71.0654 42.34661, -71.06548 42.34657, -71.06755 42.34577, -71.0696 42.34508, -71.06981 42.34501, -71.06998 42.345, -71.0709 42.3452, -71.07654 42.35515, -71.07446 42.35686, -71.07251 42.35829, -71.07058 42.3581, -71.06482 42.34735, -71.06488 42.34727))"
"Green-D","place-coecl","POLYGON ((-71.07151 42.34588, -71.0722 42.34482, -71.07237 42.34461, -71.07345 42.34349, -71.07369 42.34331, -71.07402 42.34316, -71.07418 42.34309, -71.07774 42.34361, -71.08123 42.34399, -71.08393 42.3526, -71.08391 42.35264, -71.08348 42.35324, -71.08157 42.35469, -71.08135 42.3548, -71.07761 42.35542, -71.07668 42.3554, -71.07139 42.34607, -71.07151 42.34588))"
"Green-D","place-hymnl","POLYGON ((-71.08307 42.34145, -71.08323 42.34135, -71.08334 42.34133, -71.08655 42.34114, -71.08679 42.34114, -71.09064 42.34127, -71.09073 42.34128, -71.09183 42.3417, -71.09213 42.34189, -71.09235 42.34206, -71.09056 42.3553, -71.08681 42.35299, -71.08486 42.35287, -71.08406 42.3526, -71.08392 42.35255, -71.08101 42.34328, -71.08307 42.34145))"
"Green-D","place-kencl","POLYGON ((-71.09733 42.34332, -71.09741 42.34332, -71.09769 42.34334, -71.10261 42.35147, -71.10255 42.35149, -71.10102 42.35163, -71.10082 42.35162, -71.09916 42.35126, -71.09565 42.35075, -71.09126 42.3538, -71.09094 42.35396, -71.09074 42.35394, -71.09212 42.34376, -71.09733 42.34332))"
"Green-D","place-fenwy","POLYGON ((-71.09773 42.34088, -71.09836 42.33989, -71.09855 42.33959, -71.0991 42.33925, -71.09933 42.33922, -71.09969 42.33918, -71.10174 42.33913, -71.10229 42.33914, -71.11207 42.34704, -71.1119 42.34774, -71.11105 42.34932, -71.11061 42.34995, -71.10956 42.35061, -71.10702 42.35145, -71.10671 42.35147, -71.10551 42.35123, -71.10225 42.35088, -71.09706 42.34231, -71.09773 42.34088))"
"Green-D","place-longw","POLYGON ((-71.11898 42.34002, -71.11958 42.34103, -71.11952 42.34138, -71.11531 42.34523, -71.115 42.34542, -71.11169 42.34673, -71.10294 42.33967, -71.10351 42.33735, -71.10364 42.33701, -71.10641 42.3362, -71.10903 42.33512, -71.11744 42.33856, -71.11898 42.34002))"
"Green-D","place-bvmnl","POLYGON ((-71.10734 42.33355, -71.10734 42.33319, -71.10735 42.33308, -71.10739 42.33299, -71.10996 42.32863, -71.11015 42.32833, -71.11267 42.32702, -71.11553 42.3269, -71.11979 42.32638, -71.11985 42.32638, -71.12016 42.32656, -71.12053 42.3268, -71.12277 42.33668, -71.1215 42.33755, -71.11716 42.33845, -71.1079 42.33466, -71.10734 42.33355))"
"Green-D","place-brkhl","POLYGON ((-71.12215 42.32575, -71.12234 42.32545, -71.12387 42.32498, -71.12668 42.32537, -71.12899 42.32621, -71.13097 42.32716, -71.13328 42.32844, -71.13354 42.32859, -71.13361 42.32868, -71.13474 42.33035, -71.13544 42.33147, -71.133 42.33561, -71.13093 42.33608, -71.12947 42.33639, -71.12773 42.33672, -71.12599 42.33674, -71.12589 42.33673, -71.12266 42.33621, -71.1208 42.32802, -71.12215 42.32575))"
"Green-D","place-bcnfd","POLYGON ((-71.13539 42.33165, -71.13691 42.33131, -71.13987 42.33078, -71.14386 42.33108, -71.14647 42.34016, -71.1461 42.34059, -71.14516 42.34132, -71.14279 42.34214, -71.14245 42.34218, -71.1423 42.3422, -71.14097 42.34232, -71.14085 42.34232, -71.14078 42.34229, -71.13709 42.34049, -71.13545 42.33962, -71.13539 42.33959, -71.13464 42.33907, -71.13345 42.33744, -71.13313 42.33538, -71.13532 42.33168, -71.13539 42.33165))"
"Green-D","place-rsmnl","POLYGON ((-71.1444 42.32808, -71.14465 42.32782, -71.14951 42.32885, -71.15364 42.32946, -71.15671 42.33142, -71.15681 42.33177, -71.15677 42.33185, -71.15662 42.33199, -71.15619 42.33227, -71.1574 42.33802, -71.15794 42.3382, -71.15783 42.33854, -71.15689 42.33962, -71.1561 42.34043, -71.15585 42.34069, -71.15247 42.34086, -71.14786 42.34112, -71.14731 42.34112, -71.14661 42.34065, -71.14336 42.32935, -71.1444 42.32808))"
"Green-D","place-chhil","POLYGON ((-71.17288 42.32936, -71.1728 42.32971, -71.17175 42.33172, -71.17152 42.332, -71.16597 42.33306, -71.16566 42.33288, -71.16559 42.32872, -71.16153 42.32748, -71.15984 42.32819, -71.1595 42.32846, -71.15915 42.32872, -71.15854 42.3292, -71.15828 42.32934, -71.1577 42.32962, -71.15712 42.32991, -71.15702 42.3299, -71.15686 42.32957, -71.15655 42.32755, -71.15675 42.32622, -71.15705 42.32502, -71.15857 42.32337, -71.16297 42.31986, -71.16333 42.3199, -71.16544 42.32062, -71.16926 42.32211, -71.16935 42.32246, -71.16935 42.32335, -71.16931 42.32355, -71.17104 42.32869, -71.1721 42.32917, -71.17259 42.32929, -71.17288 42.32936))"
"Green-D","place-newto","POLYGON ((-71.20164 42.33039, -71.20164 42.33075, -71.2 42.33243, -71.19998 42.33243, -71.19509 42.33492, -71.19352 42.33582, -71.19335 42.33591, -71.19325 42.33591, -71.1912 42.33594, -71.18758 42.33493, -71.18318 42.33206, -71.18314 42.33171, -71.18315 42.32835, -71.18321 42.328, -71.18412 42.327, -71.18615 42.32472, -71.18648 42.32459, -71.19004 42.32335, -71.19387 42.32295, -71.19422 42.32298, -71.19816 42.32449, -71.20014 42.32656, -71.20164 42.33039))"
"Green-D","place-newtn","POLYGON ((-71.1979 42.32306, -71.19783 42.32271, -71.19772 42.32113, -71.19793 42.31899, -71.20293 42.31703, -71.20349 42.31665, -71.20384 42.31654, -71.20788 42.31535, -71.20824 42.31539, -71.20929 42.31569, -71.21287 42.32458, -71.21188 42.32574, -71.20944 42.32695, -71.20666 42.32908, -71.20632 42.32919, -71.20292 42.32765, -71.19927 42.32565, -71.19893 42.3253, -71.1979 42.32306))"
"Green-D","place-eliot","POLYGON ((-71.21191 42.31678, -71.21264 42.31625, -71.21486 42.31428, -71.21586 42.31403, -71.21998 42.31606, -71.22563 42.317, -71.22567 42.31735, -71.22568 42.3175, -71.22488 42.31945, -71.22092 42.32339, -71.21949 42.32394, -71.21821 42.32415, -71.21611 42.32443, -71.21503 42.3245, -71.21441 42.32438, -71.21263 42.32399, -71.21009 42.31768, -71.21191 42.31678))"
"Green-D","place-waban","POLYGON ((-71.22777 42.32168, -71.22812 42.3216, -71.22974 42.32132, -71.23133 42.32124, -71.23205 42.32125, -71.23278 42.32126, -71.23511 42.32128, -71.23679 42.32202, -71.2392 42.32368, -71.23974 42.32717, -71.23489 42.3316, -71.23269 42.33223, -71.22903 42.33241, -71.22425 42.33133, -71.22287 42.32993, -71.22213 42.32901, -71.22205 42.32866, -71.22198 42.32644, -71.22223 42.32533, -71.22245 42.32441, -71.22327 42.32349, -71.22777 42.32168))"
"Green-D","place-woodl","POLYGON ((-71.2505 42.33035, -71.2502 42.33067, -71.25008 42.33072, -71.24904 42.33095, -71.2471 42.33213, -71.24578 42.33598, -71.24416 42.33847, -71.24413 42.33853, -71.24404 42.33857, -71.24081 42.33966, -71.23987 42.33989, -71.23921 42.33968, -71.2381 42.3373, -71.23595 42.33459, -71.23564 42.33164, -71.23571 42.33129, -71.23826 42.33041, -71.24282 42.3293, -71.24826 42.32892, -71.25058 42.32896, -71.25077 42.32926, -71.2505 42.33035))"
"Green-D","place-river","POLYGON ((-71.25746 42.33374, -71.25722 42.334, -71.25544 42.33494, -71.25384 42.33972, -71.25427 42.34167, -71.2542 42.34183, -71.25294 42.34364, -71.2508 42.34423, -71.25007 42.34425, -71.25001 42.34423, -71.24835 42.34377, -71.24621 42.34166, -71.2461 42.33932, -71.24628 42.33901, -71.25065 42.33704, -71.25378 42.33345, -71.25739 42.33099, -71.2577 42.33117, -71.25775 42.33193, -71.25764 42.33286, -71.25746 42.33374))"
"Green-E","place-lech","POLYGON ((-71.07542 42.36527, -71.07631 42.3645, -71.07644 42.36444, -71.07842 42.36358, -71.07877 42.36366, -71.08204 42.36627, -71.08259 42.36693, -71.08559 42.37081, -71.08638 42.37168, -71.08642 42.37177, -71.08638 42.37213, -71.08596 42.37299, -71.08486 42.37505, -71.08445 42.37523, -71.08273 42.37537, -71.07975 42.37367, -71.07473 42.37341, -71.06943 42.37395, -71.06924 42.37365, -71.06871 42.37211, -71.07451 42.36542, -71.07542 42.36527))"
"Green-E","place-spmnl","POLYGON ((-71.06674 42.36049, -71.0671 42.36046, -71.0709 42.36029, -71.07226 42.36077, -71.07307 42.36126, -71.07312 42.36237, -71.07446 42.36549, -71.06969 42.37098, -71.06593 42.36984, -71.06426 42.36869, -71.06453 42.36168, -71.06572 42.36068, -71.06593 42.3606, -71.06674 42.36049))"
"Green-E","place-north","POLYGON ((-71.0626 42.37122, -71.06204 42.37136, -71.06177 42.37139, -71.06048 42.37127, -71.05514 42.37026, -71.05276 42.37096, -71.05237 42.37099, -71.05195 42.37102, -71.0516 42.371, -71.05124 42.37099, -71.05125 42.37063, -71.05254 42.36783, -71.06269 42.36199, -71.06453 42.36168, -71.06419 42.37051, -71.0626 42.37122))"
"Green-E","place-haecl","POLYGON ((-71.05223 42.36716, -71.0514 42.36643, -71.05135 42.36635, -71.05035 42.36437, -71.04761 42.36, -71.04755 42.35964, -71.04876 42.35908, -71.06269 42.36199, -71.0529 42.36762, -71.05223 42.36716))"
"Green-E","place-gover","POLYGON ((-71.05129 42.357, -71.05241 42.35571, -71.05262 42.35542, -71.05324 42.35476, -71.05354 42.35447, -71.05393 42.35435, -71.06572 42.36068, -71.06453 42.36168, -71.06269 42.36199, -71.04843 42.35902, -71.05129 42.357))"
"Green-E","place-pktrm","POLYGON ((-71.05456 42.35241, -71.05472 42.35209, -71.0567 42.35139, -71.06961 42.35784, -71.06947 42.35803, -71.06867 42.35906, -71.06712 42.36018, -71.06572 42.36068, -71.05429 42.35454, -71.05456 42.35241))"
"Green-E","place-boyls","POLYGON ((-71.05681 42.35032, -71.05766 42.34945, -71.05852 42.34907, -71.05856 42.34905, -71.06024 42.34834, -71.06427 42.34632, -71.07071 42.35833, -71.0707 42.35834, -71.07065 42.35837, -71.0561 42.35109, -71.05681 42.35032))"
"Green-E","place-armnl","POLYGON ((-71.06488 42.34727, -71.06534 42.34667, -71.0654 42.34661, -71.06548 42.34657, -71.06755 42.34577, -71.0696 42.34508, -71.06981 42.34501, -71.06998 42.345, -71.0709 42.3452, -71.07654 42.35515, -71.07446 42.35686, -71.07251 42.35829, -71.07058 42.3581, -71.06482 42.34735, -71.06488 42.34727))"
"Green-E","place-coecl","POLYGON ((-71.07151 42.34588, -71.0722 42.34482, -71.07237 42.34461, -71.07325 42.34369, -71.08507 42.35083, -71.08391 42.35264, -71.08348 42.35324, -71.08157 42.35469, -71.08135 42.3548, -71.07761 42.35542, -71.07668 42.3554, -71.07139 42.34607, -71.07151 42.34588))"
"Green-E","place-prmnl","POLYGON ((-71.07348 42.34348, -71.07476 42.34053, -71.07489 42.34026, -71.07512 42.33999, -71.07519 42.33994, -71.07605 42.33972, -71.07613 42.3397, -71.07743 42.33967, -71.07745 42.33967, -71.08954 42.34875, -71.08929 42.34905, -71.08895 42.34944, -71.08705 42.35101, -71.08672 42.35116, -71.08571 42.35121, -71.0734 42.34378, -71.07348 42.34348))"
"Green-E","place-symcl","POLYGON ((-71.07773 42.3383, -71.0779 42.33733, -71.07811 42.33719, -71.07813 42.33718, -71.0792 42.33705, -71.08111 42.33698, -71.09264 42.3457, -71.0918 42.34684, -71.08973 42.34889, -71.07747 42.33969, -71.07773 42.3383))"
"Green-E","place-nuniv","POLYGON ((-71.0829 42.33597, -71.0832 42.33577, -71.08509 42.33488, -71.08757 42.33407, -71.08896 42.33407, -71.09533 42.34347, -71.09503 42.34373, -71.09243 42.34554, -71.08152 42.33729, -71.0829 42.33597))"
"Green-E","place-mfa","POLYGON ((-71.09227 42.33222, -71.09431 42.33187, -71.10209 42.34282, -71.10193 42.34286, -71.0974 42.34395, -71.09736 42.34397, -71.09544 42.34364, -71.08811 42.33281, -71.09227 42.33222))"
"Green-E","place-lngmd","POLYGON ((-71.09462 42.33126, -71.09632 42.33083, -71.09859 42.33027, -71.10616 42.34046, -71.10361 42.34118, -71.10242 42.34184, -71.10242 42.34184, -71.10147 42.34196, -71.09406 42.33151, -71.09462 42.33126))"
"Green-E","place-brmnl","POLYGON ((-71.10046 42.32902, -71.10951 42.33949, -71.10692 42.33965, -71.10688 42.33965, -71.10562 42.33973, -71.09839 42.33001, -71.10046 42.32902))"
"Green-E","place-fenwd","POLYGON ((-71.10073 42.32858, -71.10161 42.3285, -71.10495 42.32986, -71.11134 42.33858, -71.11089 42.33923, -71.11038 42.33944, -71.10946 42.33942, -71.10032 42.32886, -71.10073 42.32858))"
"Green-E","place-mispk","POLYGON ((-71.11132 42.33765, -71.11093 42.33802, -71.10495 42.32986, -71.108 42.33, -71.1102 42.33098, -71.11314 42.33605, -71.11132 42.33765))"
"Green-E","place-rvrwy","POLYGON ((-71.12148 42.32989, -71.12214 42.33063, -71.12221 42.33098, -71.12097 42.33341, -71.12079 42.33372, -71.12071 42.33379, -71.11936 42.33458, -71.11535 42.33661, -71.11378 42.33716, -71.1102 42.33098, -71.1193 42.32813, -71.12148 42.32989))"
"Green-E","place-bckhl","POLYGON ((-71.117 42.32788, -71.11771 42.32863, -71.1102 42.33098, -71.108 42.33, -71.11617 42.32607, -71.117 42.32788))"
"Green-E","place-hsmnl","POLYGON ((-71.10141 42.32766, -71.10116 42.32642, -71.10117 42.32635, -71.10126 42.32624, -71.10325 42.32422, -71.1039 42.32363, -71.10465 42.32338, -71.10501 42.32334, -71.10979 42.32233, -71.11131 42.32149, -71.11175 42.32132, -71.1121 42.32124, -71.11228 42.32128, -71.11241 42.32133, -71.11499 42.32324, -71.11508 42.32332, -71.11533 42.32358, -71.11539 42.32367, -71.11537 42.32518, -71.11533 42.32647, -71.108 42.33, -71.10495 42.32986, -71.10208 42.3287, -71.10141 42.32766))"
"Mattapan","place-asmnl","POLYGON ((-71.07349 42.28137, -71.0744 42.28235, -71.07447 42.2827, -71.07298 42.28545, -71.07262 42.2861, -71.07 42.29021, -71.06723 42.29117, -71.06587 42.29146, -71.06275 42.292, -71.06247 42.29203, -71.06109 42.29121, -71.05628 42.2882, -71.05616 42.28812, -71.05604 42.28778, -71.05605 42.28598, -71.06794 42.27923, -71.06982 42.27922, -71.07349 42.28137))"
"Mattapan","place-cedgr","POLYGON ((-71.06769 42.27925, -71.06772 42.27936, -71.05729 42.28528, -71.05541 42.2849, -71.05508 42.28477, -71.05402 42.28406, -71.05095 42.28173, -71.05077 42.28149, -71.05068 42.28114, -71.0521 42.27884, -71.05315 42.27758, -71.05341 42.27733, -71.05783 42.27577, -71.05859 42.2753, -71.06761 42.27909, -71.06769 42.27925))"
"Mattapan","place-butlr","POLYGON ((-71.05881 42.27465, -71.06183 42.27136, -71.06352 42.26993, -71.0704 42.27423, -71.06955 42.27593, -71.06683 42.27775, -71.06662 42.27785, -71.06489 42.27795, -71.05813 42.27511, -71.05881 42.27465))"
"Mattapan","place-miltt","POLYGON ((-71.06361 42.26641, -71.06319 42.264, -71.06341 42.26372, -71.0644 42.26335, -71.06828 42.26304, -71.06864 42.26306, -71.07043 42.26351, -71.07178 42.2751, -71.06256 42.26933, -71.06361 42.26641))"
"Mattapan","place-cenav","POLYGON ((-71.07227 42.26338, -71.07342 42.2633, -71.08129 42.27274, -71.08131 42.27279, -71.08083 42.27358, -71.07948 42.27434, -71.07826 42.27492, -71.07793 42.27506, -71.07312 42.27594, -71.07257 42.27609, -71.07178 42.2751, -71.0705 42.2641, -71.07227 42.26338))"
"Mattapan","place-valrd","POLYGON ((-71.07546 42.26549, -71.07914 42.26286, -71.08204 42.26269, -71.08249 42.26267, -71.08464 42.26343, -71.08283 42.26845, -71.08152 42.26839, -71.07814 42.26896, -71.07536 42.26562, -71.07546 42.26549))"
"Mattapan","place-capst","POLYGON ((-71.08521 42.26226, -71.08834 42.26213, -71.09003 42.2624, -71.08939 42.2708, -71.08827 42.27154, -71.08732 42.27205, -71.08514 42.27265, -71.08168 42.27166, -71.08505 42.26228, -71.08521 42.26226))"
"Mattapan","place-matt","POLYGON ((-71.09005 42.26238, -71.09141 42.26156, -71.09333 42.26098, -71.09369 42.26098, -71.0961 42.26138, -71.09761 42.26182, -71.09769 42.26185, -71.1008 42.26409, -71.10098 42.2644, -71.10107 42.27028, -71.10086 42.27069, -71.10065 42.27074, -71.09891 42.27128, -71.09457 42.27396, -71.09366 42.27415, -71.0933 42.27414, -71.09184 42.27393, -71.08924 42.27275, -71.09004 42.26239, -71.09005 42.26238))"
"Orange","place-ogmnl","POLYGON ((-71.07862 42.43324, -71.07932 42.43365, -71.07945 42.43386, -71.0795 42.43405, -71.07951 42.43421, -71.07816 42.43728, -71.07659 42.43971, -71.07305 42.44388, -71.07295 42.44392, -71.07224 42.44403, -71.07188 42.44399, -71.06993 42.44366, -71.06936 42.44336, -71.06538 42.44058, -71.06519 42.44027, -71.06513 42.44013, -71.06364 42.4365, -71.06369 42.43614, -71.0641 42.43484, -71.06663 42.43266, -71.06676 42.43257, -71.06774 42.43188, -71.06885 42.43119, -71.07731 42.43231, -71.07862 42.43324))"
"Orange","place-mlmnl","POLYGON ((-71.06835 42.43093, -71.06828 42.4309, -71.06644 42.42941, -71.06552 42.42764, -71.06546 42.42746, -71.0653 42.42672, -71.06523 42.42637, -71.06563 42.42517, -71.06744 42.4238, -71.07214 42.42072, -71.07544 42.41996, -71.0758 42.42001, -71.07768 42.42154, -71.08137 42.42474, -71.08256 42.42616, -71.08265 42.42651, -71.08116 42.42882, -71.07951 42.43034, -71.07713 42.43228, -71.07712 42.43229, -71.06894 42.4312, -71.06835 42.43093))"
"Orange","place-welln","POLYGON ((-71.08057 42.39995, -71.08338 42.39934, -71.08372 42.39946, -71.08389 42.4001, -71.08413 42.40185, -71.08415 42.40198, -71.08413 42.40273, -71.08411 42.40456, -71.08399 42.40497, -71.08386 42.4051, -71.08214 42.40623, -71.0818 42.40632, -71.07683 42.40946, -71.0767 42.40946, -71.07634 42.40944, -71.07436 42.40815, -71.07321 42.40735, -71.07268 42.4069, -71.06874 42.40321, -71.06884 42.40287, -71.07002 42.40173, -71.07031 42.40194, -71.07497 42.40198, -71.07675 42.39892, -71.07678 42.39815, -71.0769 42.39763, -71.07706 42.39765, -71.08057 42.39995))"
"Orange","place-astao","POLYGON ((-71.08138 42.38983, -71.08441 42.39112, -71.08452 42.39114, -71.08574 42.39165, -71.08599 42.39191, -71.08601 42.39198, -71.08586 42.39282, -71.08565 42.39399, -71.08311 42.39764, -71.08117 42.39695, -71.07909 42.39626, -71.07877 42.39615, -71.07769 42.39576, -71.07739 42.39559, -71.07632 42.39449, -71.07554 42.39335, -71.07442 42.39096, -71.07491 42.38895, -71.08008 42.38768, -71.08138 42.38983))"
"Orange","place-sull","POLYGON ((-71.07183 42.38899, -71.07152 42.3888, -71.06845 42.38443, -71.06836 42.38429, -71.06827 42.38388, -71.06827 42.38379, -71.06874 42.3822, -71.0689 42.38187, -71.07116 42.37993, -71.07147 42.37974, -71.07156 42.37972, -71.07367 42.37934, -71.07441 42.37923, -71.07489 42.37933, -71.08074 42.38024, -71.08109 42.38014, -71.08141 42.38017, -71.08394 42.38142, -71.0841 42.38175, -71.0841 42.38176, -71.08365 42.38681, -71.07291 42.38944, -71.07183 42.38899))"
"Orange","place-ccmnl","POLYGON ((-71.06876 42.36843, -71.0705 42.36779, -71.07053 42.36778, -71.07101 42.3677, -71.07112 42.36768, -71.07364 42.36736, -71.074 42.36736, -71.0751 42.36737, -71.07519 42.36741, -71.0768 42.37051, -71.07806 42.37298, -71.07793 42.37332, -71.07299 42.37614, -71.07219 42.37919, -71.06997 42.38003, -71.06706 42.37925, -71.06426 42.37898, -71.06356 42.37895, -71.06228 42.3783, -71.06199 42.37808, -71.06107 42.37595, -71.06105 42.37586, -71.06101 42.37571, -71.06086 42.37314, -71.06096 42.37177, -71.061 42.37161, -71.06489 42.36942, -71.06876 42.36843))"
"Orange","place-north","POLYGON ((-71.06614 42.36046, -71.06698 42.36105, -71.06702 42.36109, -71.06966 42.36475, -71.06973 42.36616, -71.06969 42.36671, -71.06144 42.37136, -71.06048 42.37127, -71.05514 42.37026, -71.05276 42.37096, -71.05237 42.37099, -71.05195 42.37102, -71.0516 42.371, -71.05124 42.37099, -71.05125 42.37063, -71.05254 42.36783, -71.06564 42.36029, -71.06589 42.36029, -71.06614 42.36046))"
"Orange","place-haecl","POLYGON ((-71.05223 42.36716, -71.0514 42.36643, -71.05135 42.36635, -71.05035 42.36437, -71.04879 42.36189, -71.06339 42.35985, -71.06564 42.36029, -71.0529 42.36762, -71.05223 42.36716))"
"Orange","place-state","POLYGON ((-71.04719 42.36166, -71.04256 42.35991, -71.0426 42.35955, -71.04331 42.35963, -71.04402 42.35971, -71.04479 42.35975, -71.04964 42.35637, -71.05024 42.35438, -71.0504 42.35405, -71.05057 42.35389, -71.0506 42.35387, -71.05164 42.35326, -71.06339 42.35985, -71.04783 42.36203, -71.04719 42.36166))"
"Orange","place-dwnxg","POLYGON ((-71.05233 42.35149, -71.05248 42.35116, -71.0525 42.35112, -71.05258 42.35103, -71.05263 42.351, -71.05455 42.35034, -71.06846 42.35769, -71.06809 42.3582, -71.06728 42.35906, -71.0654 42.36024, -71.06339 42.35985, -71.05218 42.35357, -71.05233 42.35149))"
"Orange","place-chncl","POLYGON ((-71.05525 42.34965, -71.05623 42.34932, -71.07168 42.35347, -71.07154 42.35378, -71.07026 42.35619, -71.06982 42.35674, -71.0695 42.3569, -71.06821 42.35756, -71.05444 42.35028, -71.05525 42.34965))"
"Orange","place-tumnl","POLYGON ((-71.05678 42.34933, -71.05976 42.34494, -71.0621 42.34387, -71.06377 42.34315, -71.06634 42.34254, -71.06703 42.34262, -71.06718 42.34264, -71.06733 42.34271, -71.06736 42.34274, -71.07111 42.35133, -71.07082 42.3519, -71.07022 42.35294, -71.07014 42.35305, -71.05672 42.34945, -71.05678 42.34933))"
"Orange","place-bbsta","POLYGON ((-71.08327 42.34859, -71.08321 42.34877, -71.08148 42.35146, -71.08115 42.35196, -71.07979 42.35374, -71.07944 42.35418, -71.07936 42.3542, -71.07913 42.35422, -71.07651 42.35364, -71.0764 42.35361, -71.07581 42.3534, -71.07152 42.35229, -71.06833 42.34495, -71.06855 42.34458, -71.06981 42.34276, -71.07119 42.3408, -71.07161 42.34066, -71.07438 42.34076, -71.07516 42.3408, -71.0834 42.34742, -71.08327 42.34859))"
"Orange","place-masta","POLYGON ((-71.09238 42.34305, -71.09241 42.34341, -71.09238 42.34347, -71.09093 42.34546, -71.08838 42.34778, -71.08777 42.34802, -71.0866 42.34784, -71.08505 42.34745, -71.08336 42.3474, -71.07552 42.34109, -71.07636 42.3369, -71.07653 42.33627, -71.07676 42.33599, -71.07754 42.33585, -71.08045 42.33566, -71.09233 42.34282, -71.09238 42.34305))"
"Orange","place-rugg","POLYGON ((-71.09748 42.33839, -71.09746 42.33857, -71.09743 42.33861, -71.09463 42.3415, -71.09221 42.34275, -71.08083 42.33588, -71.08081 42.33293, -71.08081 42.33293, -71.08306 42.33108, -71.08572 42.33073, -71.09751 42.33731, -71.09748 42.33839))"
"Orange","place-rcmnl","POLYGON ((-71.10231 42.3307, -71.10353 42.33346, -71.10357 42.33356, -71.10346 42.33391, -71.10168 42.33503, -71.09976 42.33579, -71.09702 42.33652, -71.0964 42.33669, -71.08612 42.33095, -71.08585 42.32979, -71.08582 42.32968, -71.08581 42.32956, -71.08583 42.32954, -71.08736 42.32767, -71.09303 42.32572, -71.09319 42.32569, -71.10104 42.32857, -71.10231 42.3307))"
"Orange","place-jaksn","POLYGON ((-71.09153 42.32278, -71.09127 42.32138, -71.09141 42.32105, -71.09183 42.32061, -71.09298 42.31952, -71.09617 42.31743, -71.10916 42.32293, -71.10799 42.32485, -71.10791 42.32493, -71.10547 42.32719, -71.10398 42.32806, -71.10171 42.32882, -71.09281 42.32555, -71.09153 42.32278))"
"Orange","place-sbmnl","POLYGON ((-71.11292 42.31769, -71.11299 42.31794, -71.11342 42.31966, -71.11339 42.32002, -71.11208 42.32082, -71.10934 42.32235, -71.10843 42.32263, -71.09668 42.31764, -71.09704 42.31486, -71.09728 42.31332, -71.09803 42.3119, -71.11186 42.31516, -71.11292 42.31769))"
"Orange","place-grnst","POLYGON ((-71.11542 42.30835, -71.11619 42.31165, -71.11648 42.31391, -71.11636 42.31425, -71.11461 42.31496, -71.11451 42.31499, -71.11418 42.3151, -71.11256 42.31533, -71.09936 42.31221, -71.09827 42.30933, -71.09826 42.30917, -71.09829 42.30881, -71.09839 42.30732, -71.0984 42.30717, -71.09842 42.30706, -71.09852 42.30698, -71.10253 42.30525, -71.10521 42.30422, -71.10693 42.30428, -71.115 42.30747, -71.11542 42.30835))"
"Orange","place-forhl","POLYGON ((-71.10489 42.30207, -71.10454 42.30032, -71.10455 42.29996, -71.10524 42.29929, -71.1056 42.29924, -71.11088 42.29744, -71.11129 42.29713, -71.11134 42.29709, -71.11447 42.29383, -71.11721 42.29359, -71.11749 42.29357, -71.11783 42.29369, -71.11907 42.2946, -71.11931 42.29487, -71.12188 42.29805, -71.12196 42.2984, -71.12198 42.30198, -71.12186 42.30232, -71.12045 42.30524, -71.11982 42.30553, -71.11559 42.30756, -71.11527 42.30758, -71.1061 42.30395, -71.10489 42.30207))"
"Red","place-alfcl","POLYGON ((-71.15294 42.39617, -71.14954 42.40005, -71.14634 42.40286, -71.14602 42.40302, -71.14049 42.40163, -71.13949 42.40065, -71.13675 42.39748, -71.13506 42.39594, -71.13363 42.39369, -71.13364 42.39333, -71.13376 42.39302, -71.13627 42.39154, -71.13864 42.39014, -71.14138 42.38941, -71.14301 42.389, -71.1433 42.38922, -71.1436 42.38991, -71.14728 42.39399, -71.14849 42.39459, -71.15294 42.39581, -71.15294 42.39617))"
"Red","place-davis","POLYGON ((-71.12778 42.39156, -71.1293 42.39256, -71.12937 42.39262, -71.12962 42.39288, -71.12965 42.39295, -71.13134 42.39701, -71.1315 42.39761, -71.13148 42.39797, -71.13135 42.39854, -71.13019 42.3997, -71.12705 42.40296, -71.12677 42.40298, -71.12256 42.40282, -71.12023 42.40288, -71.11678 42.40299, -71.11538 42.4021, -71.11462 42.40101, -71.11352 42.3962, -71.11285 42.39521, -71.11234 42.39453, -71.11242 42.39418, -71.11295 42.39369, -71.12758 42.3915, -71.12778 42.39156))"
"Red","place-portr","POLYGON ((-71.11327 42.39353, -71.1121 42.39077, -71.11201 42.38951, -71.11096 42.38436, -71.11106 42.38401, -71.11268 42.3832, -71.11277 42.38316, -71.11543 42.38235, -71.11948 42.38102, -71.11958 42.38102, -71.11994 42.38106, -71.12073 42.38146, -71.12218 42.38221, -71.12404 42.38316, -71.12821 42.38557, -71.12824 42.38562, -71.12838 42.38595, -71.1285 42.38937, -71.12844 42.38973, -71.1275 42.39151, -71.11332 42.39363, -71.11327 42.39353))"
"Red","place-harsq","POLYGON ((-71.11347 42.36837, -71.11655 42.36778, -71.11841 42.36798, -71.12278 42.36759, -71.12326 42.36751, -71.12426 42.36738, -71.12441 42.36736, -71.12466 42.36761, -71.12539 42.36894, -71.12758 42.37354, -71.12814 42.37437, -71.12811 42.37473, -71.12707 42.37677, -71.12521 42.37838, -71.12418 42.37879, -71.12021 42.38023, -71.12013 42.38024, -71.11767 42.37952, -71.11649 42.37912, -71.11428 42.37829, -71.11427 42.37828, -71.11311 42.37767, -71.11233 42.37727, -71.11226 42.37721, -71.11222 42.37714, -71.11211 42.3769, -71.11145 42.37534, -71.1114 42.37521, -71.10989 42.37126, -71.11234 42.36881, -71.11347 42.36837))"
"Red","place-cntsq","POLYGON ((-71.10103 42.35997, -71.10187 42.35987, -71.10205 42.35985, -71.10476 42.35969, -71.10529 42.35966, -71.10536 42.35966, -71.10543 42.35966, -71.11022 42.35965, -71.11028 42.35968, -71.11289 42.3623, -71.1137 42.36432, -71.11373 42.36468, -71.11372 42.36474, -71.11264 42.36851, -71.11097 42.37019, -71.11015 42.37034, -71.11007 42.37035, -71.1064 42.37087, -71.10199 42.37173, -71.09927 42.37211, -71.09919 42.37207, -71.09892 42.37183, -71.0973 42.36849, -71.09544 42.3649, -71.09633 42.36053, -71.10103 42.35997))"
"Red","place-knncl","POLYGON ((-71.07933 42.36055, -71.07956 42.3605, -71.07982 42.36048, -71.08293 42.36003, -71.0868 42.35871, -71.08777 42.35839, -71.08852 42.35814, -71.08865 42.35809, -71.08954 42.3578, -71.08975 42.35777, -71.09403 42.35929, -71.095 42.35988, -71.09517 42.35998, -71.09523 42.36007, -71.09563 42.36099, -71.09599 42.36218, -71.09561 42.36405, -71.09494 42.36476, -71.09332 42.36649, -71.0924 42.36713, -71.09233 42.36715, -71.09036 42.36769, -71.09024 42.36771, -71.08558 42.36873, -71.08091 42.36814, -71.08085 42.36812, -71.08054 42.36785, -71.07874 42.36529, -71.07773 42.36401, -71.07876 42.36067, -71.07933 42.36055))"
"Red","place-chmnl","POLYGON ((-71.07303 42.35512, -71.07317 42.35516, -71.07532 42.35673, -71.07556 42.357, -71.07873 42.36078, -71.07818 42.36254, -71.07284 42.36346, -71.07147 42.36483, -71.06879 42.36708, -71.06816 42.3672, -71.06764 42.36713, -71.06734 42.36694, -71.06664 42.36629, -71.06222 42.36256, -71.06207 42.36232, -71.06984 42.35451, -71.07303 42.35512))"
"Red","place-pktrm","POLYGON ((-71.06958 42.35194, -71.07068 42.35368, -71.06171 42.36268, -71.05802 42.36225, -71.05712 42.3621, -71.05691 42.36204, -71.05669 42.36185, -71.05636 42.36153, -71.06586 42.35011, -71.06958 42.35194))"
"Red","place-dwnxg","POLYGON ((-71.06387 42.34872, -71.06389 42.34873, -71.06424 42.34893, -71.06579 42.3502, -71.05629 42.36162, -71.05567 42.3614, -71.05547 42.36131, -71.05325 42.35982, -71.06164 42.34883, -71.06387 42.34872))"
"Red","place-sstat","POLYGON ((-71.06178 42.34865, -71.05406 42.35875, -71.05189 42.35836, -71.05145 42.35825, -71.04963 42.35759, -71.04426 42.35643, -71.04374 42.35644, -71.04321 42.35646, -71.0432 42.3561, -71.04373 42.35608, -71.04742 42.35275, -71.04734 42.35076, -71.04728 42.35057, -71.04707 42.34991, -71.04658 42.34889, -71.04647 42.34865, -71.04662 42.34832, -71.04666 42.34824, -71.04881 42.34736, -71.04909 42.34729, -71.05117 42.34711, -71.05477 42.34741, -71.05777 42.34887, -71.05977 42.34784, -71.06116 42.34795, -71.06178 42.34865))"
"Red","place-brdwy","POLYGON ((-71.05886 42.33683, -71.06297 42.33981, -71.06372 42.3408, -71.06508 42.34259, -71.0653 42.34288, -71.0656 42.3437, -71.06581 42.3443, -71.06586 42.34448, -71.06537 42.34549, -71.06536 42.3455, -71.06516 42.34566, -71.06082 42.34758, -71.06047 42.34749, -71.05692 42.34599, -71.0539 42.34734, -71.05142 42.34713, -71.05103 42.34678, -71.05021 42.34603, -71.04969 42.34547, -71.04893 42.34225, -71.04926 42.33775, -71.04943 42.33759, -71.05052 42.33716, -71.05358 42.33603, -71.05844 42.33619, -71.05886 42.33683))"
"Red","place-andrw","POLYGON ((-71.06022 42.32394, -71.06099 42.32483, -71.06491 42.32817, -71.06602 42.32974, -71.06674 42.33125, -71.06667 42.3316, -71.06408 42.33413, -71.0638 42.33435, -71.06298 42.33434, -71.06289 42.33433, -71.06262 42.3343, -71.05925 42.33622, -71.05302 42.33601, -71.04963 42.33387, -71.04948 42.33354, -71.04932 42.33312, -71.04906 42.33062, -71.04905 42.33026, -71.04904 42.32992, -71.04992 42.3275, -71.05106 42.32643, -71.06 42.32377, -71.06022 42.32394))"
"Red","place-jfk","POLYGON ((-71.05921 42.31765, -71.05993 42.31891, -71.0605 42.31993, -71.06025 42.32198, -71.06014 42.32233, -71.05967 42.32284, -71.05736 42.32456, -71.04995 42.32676, -71.04855 42.32624, -71.04805 42.32579, -71.04434 42.32197, -71.04424 42.3218, -71.04413 42.32163, -71.04341 42.31932, -71.04331 42.31897, -71.04327 42.3186, -71.04328 42.31839, -71.0434 42.31805, -71.04682 42.31529, -71.05806 42.31674, -71.05921 42.31765))"
"Red","place-shmnl","POLYGON ((-71.04946 42.31329, -71.04681 42.31332, -71.04663 42.31328, -71.04599 42.31211, -71.04576 42.31169, -71.04573 42.31141, -71.0459 42.30934, -71.04679 42.30747, -71.04707 42.30717, -71.04738 42.30699, -71.05318 42.30654, -71.05862 42.3076, -71.06068 42.30994, -71.06076 42.31003, -71.0608 42.3101, -71.06124 42.31135, -71.06207 42.31398, -71.06195 42.31414, -71.06059 42.31518, -71.05771 42.31664, -71.05761 42.31669, -71.05135 42.31588, -71.04946 42.31329))"
"Red","place-fldcr","POLYGON ((-71.0555 42.30492, -71.05524 42.30445, -71.05431 42.30099, -71.05467 42.29934, -71.05517 42.29749, -71.05537 42.29685, -71.05562 42.29652, -71.05641 42.2962, -71.05646 42.29618, -71.05899 42.29563, -71.07103 42.29853, -71.07046 42.30227, -71.06995 42.30274, -71.06578 42.30558, -71.06547 42.30577, -71.06174 42.30633, -71.05888 42.30647, -71.0588 42.30646, -71.05777 42.30603, -71.0555 42.30492))"
"Red","place-smmnl","POLYGON ((-71.07277 42.28924, -71.07387 42.29023, -71.07396 42.29032, -71.07407 42.29071, -71.07398 42.29164, -71.07358 42.29292, -71.07266 42.29464, -71.07143 42.29638, -71.0707 42.29699, -71.06882 42.298, -71.05743 42.29525, -71.05733 42.2951, -71.05723 42.29475, -71.05732 42.2937, -71.05902 42.29139, -71.06092 42.28915, -71.07156 42.28855, -71.07277 42.28924))"
"Red","place-asmnl","POLYGON ((-71.05628 42.2882, -71.05616 42.28812, -71.05604 42.28778, -71.05605 42.28475, -71.05625 42.2834, -71.05953 42.27978, -71.06029 42.27942, -71.06321 42.2781, -71.06597 42.27735, -71.06638 42.27735, -71.06646 42.27737, -71.06681 42.27747, -71.06716 42.27762, -71.06907 42.27878, -71.07349 42.28137, -71.0744 42.28235, -71.07447 42.2827, -71.07298 42.28545, -71.07262 42.2861, -71.07104 42.28858, -71.05807 42.28931, -71.05628 42.2882))"
"Red","place-nqncy","POLYGON ((-71.02861 42.26946, -71.03178 42.26934, -71.03441 42.26951, -71.03447 42.26954, -71.03449 42.26956, -71.0346 42.26986, -71.03621 42.27419, -71.03621 42.27455, -71.03601 42.27807, -71.03594 42.279, -71.03593 42.27907, -71.03396 42.28039, -71.03297 42.2809, -71.02925 42.28167, -71.02916 42.28168, -71.0242 42.28106, -71.02388 42.28091, -71.02152 42.27888, -71.02116 42.27838, -71.02144 42.27659, -71.02192 42.27187, -71.02685 42.26952, -71.02861 42.26946))"
"Red","place-wlsta","POLYGON ((-71.02055 42.2691, -71.01801 42.26911, -71.01618 42.26882, -71.01583 42.26872, -71.01539 42.26842, -71.01505 42.26727, -71.01504 42.26699, -71.01484 42.26394, -71.01495 42.26359, -71.01582 42.26217, -71.01606 42.2619, -71.01806 42.2618, -71.0203 42.26201, -71.02342 42.26241, -71.02578 42.26312, -71.02596 42.26343, -71.02597 42.265, -71.02561 42.26731, -71.0253 42.2694, -71.02513 42.27034, -71.02457 42.27061, -71.02055 42.2691))"
"Red","place-qnctr","POLYGON ((-71.01216 42.25424, -71.01111 42.25602, -71.01065 42.25681, -71.01046 42.25712, -71.00785 42.25743, -71.00397 42.25705, -70.99993 42.25638, -70.99769 42.25495, -70.99748 42.25466, -70.99623 42.25017, -70.99619 42.24981, -70.99816 42.24782, -71.00057 42.24607, -71.00406 42.24486, -71.00527 42.24497, -71.00528 42.24497, -71.00642 42.24523, -71.0066 42.24532, -71.00845 42.24686, -71.01165 42.24861, -71.01179 42.24872, -71.01242 42.24981, -71.01216 42.25424))"
"Red","place-qamnl","POLYGON ((-71.01541 42.23324, -71.01424 42.23567, -71.01384 42.23651, -71.01359 42.23677, -71.01133 42.23773, -71.00793 42.24004, -71.00545 42.24069, -71.00511 42.2406, -71.00532 42.23978, -71.00553 42.23897, -71.00571 42.23827, -71.00587 42.23764, -71.00601 42.23718, -71.00615 42.23673, -71.0067 42.2353, -71.00739 42.23082, -71.00771 42.23064, -71.00794 42.23052, -71.00799 42.2305, -71.00969 42.2306, -71.01492 42.23146, -71.01512 42.23176, -71.01541 42.23324))"
"Red","place-brntn","POLYGON ((-71.00607 42.20921, -71.00457 42.20999, -71.00385 42.21043, -71.00014 42.21418, -70.99862 42.21429, -70.99846 42.21427, -70.99729 42.21332, -70.99476 42.21119, -70.99469 42.21083, -70.99539 42.2098, -70.99551 42.20958, -70.99568 42.20939, -70.99618 42.20399, -70.99555 42.20339, -70.99563 42.20303, -70.99794 42.20114, -71.0005 42.20131, -71.00159 42.20182, -71.00207 42.20207, -71.00223 42.20223, -71.00644 42.20619, -71.00659 42.20652, -71.00607 42.20921))"
